epoch,step,train_loss_epoch,train_loss_step,val_loss
0,49,,1.251745343208313,
0,99,,1.1394981145858765,
0,149,,1.1119555234909058,
0,199,,0.08850021660327911,
0,249,,0.07365916669368744,
0,299,,0.06360232830047607,
0,349,,0.055534545332193375,
0,399,,0.06392642110586166,
0,449,,0.04251199588179588,
0,499,,0.036288537085056305,
0,549,,0.033613838255405426,
0,599,,1.0267447233200073,
0,649,,1.0275968313217163,
0,699,,0.0244776401668787,
0,749,,0.020964356139302254,
0,799,,0.9507626295089722,
0,849,,0.022878918796777725,
0,899,,0.019254174083471298,
0,949,,0.923398494720459,
0,999,,0.035472169518470764,
0,1049,,0.009178360924124718,
0,1099,,0.014696100726723671,
0,1149,,0.010351870208978653,
0,1199,,0.014391875825822353,
0,1249,,0.009339298121631145,
0,1299,,0.011666867882013321,
0,1349,,0.9710731506347656,
0,1399,,0.011536368168890476,
0,1449,,0.017531199380755424,
0,1499,,0.004670770838856697,
0,1549,,0.9525657296180725,
0,1599,,0.9482489824295044,
0,1649,,0.014105509966611862,
0,1699,,0.009694667533040047,
0,1749,,0.01664326898753643,
0,1799,,0.015802722424268723,
0,1849,,1.238166093826294,
0,1899,,0.005728015676140785,
0,1949,,0.9925024509429932,
0,1999,,0.6013509631156921,
0,2049,,0.013198520988225937,
0,2099,,0.010349024087190628,
0,2149,,0.008491799235343933,
0,2199,,0.018001019954681396,
0,2249,,0.002320338739082217,
0,2299,,0.002776574110612273,
0,2349,,0.7239144444465637,
0,2399,,0.005520424339920282,
0,2449,,0.007152452599257231,
0,2499,,0.002185489283874631,
0,2549,,0.7520615458488464,
0,2599,,0.007925908081233501,
0,2649,,0.38370516896247864,
0,2699,,0.003089399542659521,
0,2749,,0.004266322124749422,
0,2799,,0.0007344868499785662,
0,2849,,0.0010104653192684054,
0,2899,,0.016249921172857285,
0,2949,,0.20392830669879913,
0,2999,,0.024819277226924896,
0,3049,,0.020151130855083466,
0,3099,,0.008666249923408031,
0,3149,,0.38912972807884216,
0,3199,,0.010306872427463531,
0,3249,,0.44675493240356445,
0,3299,,0.6716036796569824,
0,3349,,0.015798401087522507,
0,3399,,0.9200814962387085,
0,3449,,0.013192783109843731,
0,3499,,0.004073526710271835,
0,3549,,0.0031332634389400482,
0,3599,,0.010262873023748398,
0,3649,,0.004797755740582943,
0,3699,,0.009878338314592838,
0,3749,,0.0008116235258057714,
0,3799,,0.3005669414997101,
0,3849,,0.00018067059863824397,
0,3899,,0.014864388853311539,
0,3949,,0.0019098895136266947,
0,3999,,1.0106861591339111,
0,4049,,0.00019265997980255634,
0,4099,,0.005044970661401749,
0,4149,,0.014763392508029938,
0,4199,,0.0045189689844846725,
0,4249,,0.318067729473114,
0,4299,,0.0011077540693804622,
0,4349,,0.005631156265735626,
0,4399,,0.0012001367285847664,
0,4449,,0.9592580795288086,
0,4499,,0.00014676604769192636,
0,4549,,0.0028324737213552,
0,4599,,0.008550887927412987,
0,4649,,0.24626876413822174,
0,4699,,0.01358480378985405,
0,4749,,0.9538497924804688,
0,4799,,0.5431708693504333,
0,4849,,0.004897612147033215,
0,4899,,0.5553967356681824,
0,4949,,0.7622947096824646,
0,4999,,0.7950050830841064,
0,5049,,0.0013427006779238582,
0,5099,,0.33468788862228394,
0,5149,,0.002292664023116231,
0,5199,,0.010163998231291771,
0,5249,,0.00043998254113830626,
0,5299,,0.00917462445795536,
0,5349,,0.009804804809391499,
0,5399,,0.786373496055603,
0,5449,,0.0024536934215575457,
0,5499,,0.008841583505272865,
0,5549,,0.24094454944133759,
0,5599,,0.0009147635428234935,
0,5649,,0.8288732171058655,
0,5699,,0.784271240234375,
0,5749,,0.005398579873144627,
0,5799,,0.002524599200114608,
0,5849,,0.0025029154494404793,
0,5899,,0.002000942826271057,
0,5949,,0.0004621260450221598,
0,5999,,0.011420182883739471,
0,6049,,0.0031462041661143303,
0,6099,,0.0023560519330203533,
0,6149,,0.7253038287162781,
0,6199,,0.0028682462871074677,
0,6249,,0.002385885687544942,
0,6299,,0.0051112184301018715,
0,6349,,0.26718172430992126,
0,6399,,0.0007958515780046582,
0,6449,,0.7269853353500366,
0,6499,,0.001410937518812716,
0,6549,,0.001051050960086286,
0,6599,,0.003171769203618169,
0,6649,,0.00012639375927392393,
0,6699,,0.00043059707968495786,
0,6749,,1.1022292375564575,
0,6799,,0.0030708108097314835,
0,6849,,0.00928405299782753,
0,6899,,0.0059745763428509235,
0,6949,,0.37234678864479065,
0,6999,,0.0026836926117539406,
0,7049,,0.0017221099697053432,
0,7099,,0.0008261196780949831,
0,7149,,0.018216637894511223,
0,7199,,0.0007377639994956553,
0,7249,,0.00010677603859221563,
0,7299,,0.6571366786956787,
0,7349,,0.012744627892971039,
0,7399,,1.012627363204956,
0,7449,,0.001862301491200924,
0,7499,,0.0025010404642671347,
0,7549,,0.00014234543778002262,
0,7599,,0.0029397676698863506,
0,7649,,0.012028750032186508,
0,7699,,0.002710876055061817,
0,7749,,0.4141947031021118,
0,7799,,0.0008212213288061321,
0,7849,,0.0026716014835983515,
0,7899,,0.003723077941685915,
0,7949,,0.016667218878865242,
0,7999,,1.0446683168411255,
0,8049,,0.0013547600246965885,
0,8099,,0.008772634901106358,
0,8149,,0.001537880627438426,
0,8199,,0.4124353528022766,
0,8249,,0.015083333477377892,
0,8299,,0.015475209802389145,
0,8349,,0.18812784552574158,
0,8399,,0.004710638429969549,
0,8449,,0.00481236819177866,
0,8499,,0.007926549762487411,
0,8549,,0.001975598745048046,
0,8599,,1.0077887773513794,
0,8649,,0.004634254612028599,
0,8699,,0.9403806328773499,
0,8749,,0.0012597445165738463,
0,8799,,1.0231024026870728,
0,8849,,0.008964105509221554,
0,8899,,0.0016858766321092844,
0,8949,,0.5321518182754517,
0,8999,,0.4222019910812378,
0,9049,,0.00016442654305137694,
0,9099,,0.9382808804512024,
0,9149,,0.004810053389519453,
0,9199,,0.5143247246742249,
0,9249,,0.2770666182041168,
0,9299,,0.5224714279174805,
0,9349,,1.010445237159729,
0,9399,,0.006245139986276627,
0,9449,,1.0220484733581543,
0,9498,,,0.21546106040477753
0,9498,0.1992289274930954,,
1,9499,,0.006133053917437792,
1,9549,,0.004110489971935749,
1,9599,,0.009108555503189564,
1,9649,,0.0036806361749768257,
1,9699,,0.8463277220726013,
1,9749,,0.017242474481463432,
1,9799,,0.008784769102931023,
1,9849,,0.005579125136137009,
1,9899,,0.0045210011303424835,
1,9949,,0.008891839534044266,
1,9999,,0.010654756799340248,
1,10049,,0.1292041838169098,
1,10099,,0.32725489139556885,
1,10149,,0.2242038995027542,
1,10199,,0.21063604950904846,
1,10249,,0.000523390481248498,
1,10299,,0.0106403399258852,
1,10349,,0.0017874130280688405,
1,10399,,0.0018591196276247501,
1,10449,,0.00190999754704535,
1,10499,,0.004991175606846809,
1,10549,,0.008946698158979416,
1,10599,,0.0018642335198819637,
1,10649,,0.7091489434242249,
1,10699,,0.004772420972585678,
1,10749,,0.6387594938278198,
1,10799,,0.006193827837705612,
1,10849,,0.16956430673599243,
1,10899,,0.007750411052256823,
1,10949,,0.0014168818015605211,
1,10999,,0.28718504309654236,
1,11049,,0.0011599184945225716,
1,11099,,0.005678714253008366,
1,11149,,0.0044371457770466805,
1,11199,,0.3235629200935364,
1,11249,,0.023170650005340576,
1,11299,,0.009180491790175438,
1,11349,,0.013220995664596558,
1,11399,,0.019784515723586082,
1,11449,,0.00498116435483098,
1,11499,,0.00817643478512764,
1,11549,,0.14559990167617798,
1,11599,,1.0269218683242798,
1,11649,,0.0028430698439478874,
1,11699,,0.016106054186820984,
1,11749,,0.278823584318161,
1,11799,,0.005831590853631496,
1,11849,,0.00010418196325190365,
1,11899,,0.010687150992453098,
1,11949,,0.18499496579170227,
1,11999,,0.005959097295999527,
1,12049,,0.005192522890865803,
1,12099,,0.013785578310489655,
1,12149,,0.011369375512003899,
1,12199,,0.00029019295470789075,
1,12249,,0.10351588577032089,
1,12299,,0.007070242427289486,
1,12349,,0.44388481974601746,
1,12399,,0.3115200102329254,
1,12449,,0.0019258365500718355,
1,12499,,0.8982356786727905,
1,12549,,0.003294543828815222,
1,12599,,6.798408867325634e-05,
1,12649,,0.005247455555945635,
1,12699,,0.018233483657240868,
1,12749,,0.021470652893185616,
1,12799,,0.013225464150309563,
1,12849,,0.36882147192955017,
1,12899,,0.28465181589126587,
1,12949,,0.0016167497960850596,
1,12999,,0.3957946002483368,
1,13049,,0.0027054981328547,
1,13099,,0.0026463251560926437,
1,13149,,0.20001301169395447,
1,13199,,0.012122578918933868,
1,13249,,0.0018610937986522913,
1,13299,,0.003208179259672761,
1,13349,,0.2842366695404053,
1,13399,,0.010970697738230228,
1,13449,,0.0029103257693350315,
1,13499,,0.26673460006713867,
1,13549,,0.00800848938524723,
1,13599,,0.00017212175589520484,
1,13649,,0.01098046638071537,
1,13699,,0.20817747712135315,
1,13749,,0.0013388528022915125,
1,13799,,0.0008949702605605125,
1,13849,,0.0018287607235834002,
1,13899,,0.0030700257048010826,
1,13949,,0.0038483235985040665,
1,13999,,0.009354224428534508,
1,14049,,0.21006964147090912,
1,14099,,0.00022345631441567093,
1,14149,,0.001847661449573934,
1,14199,,0.010730182752013206,
1,14249,,0.11673272401094437,
1,14299,,0.005748250056058168,
1,14349,,0.003886984661221504,
1,14399,,0.005625962745398283,
1,14449,,0.004863657522946596,
1,14499,,0.004583590663969517,
1,14549,,0.6288475394248962,
1,14599,,0.005750888027250767,
1,14649,,0.5860627293586731,
1,14699,,0.02246386557817459,
1,14749,,0.0029214899986982346,
1,14799,,0.8929843306541443,
1,14849,,0.008598754182457924,
1,14899,,0.00609677704051137,
1,14949,,0.014753619208931923,
1,14999,,0.015829378738999367,
1,15049,,0.006718701682984829,
1,15099,,0.00034943362697958946,
1,15149,,0.002035121899098158,
1,15199,,0.0018070016521960497,
1,15249,,1.0065116882324219,
1,15299,,0.0010211067274212837,
1,15349,,0.00564203504472971,
1,15399,,0.0013639649841934443,
1,15449,,0.2073030322790146,
1,15499,,0.00501466216519475,
1,15549,,0.2936714291572571,
1,15599,,0.0008970025810413063,
1,15649,,0.007928997278213501,
1,15699,,0.002597326412796974,
1,15749,,0.0037928232923150063,
1,15799,,0.004206223413348198,
1,15849,,0.00027970672817900777,
1,15899,,0.002978972624987364,
1,15949,,0.008424594067037106,
1,15999,,0.0065033393912017345,
1,16049,,0.007630449719727039,
1,16099,,0.013375554233789444,
1,16149,,0.013995161280035973,
1,16199,,0.0010692707728594542,
1,16249,,0.001240541459992528,
1,16299,,0.0023753386922180653,
1,16349,,0.001072765327990055,
1,16399,,0.7488853931427002,
1,16449,,0.0032292164396494627,
1,16499,,0.44394758343696594,
1,16549,,9.427709301235154e-05,
1,16599,,0.0006154248840175569,
1,16649,,0.014356590807437897,
1,16699,,0.00500430166721344,
1,16749,,0.009035896509885788,
1,16799,,0.0041402652859687805,
1,16849,,0.006487593986093998,
1,16899,,0.09753856807947159,
1,16949,,0.2301267385482788,
1,16999,,0.31075984239578247,
1,17049,,0.00814048945903778,
1,17099,,0.01045096293091774,
1,17149,,0.0023858007043600082,
1,17199,,1.6789238452911377,
1,17249,,0.0055832890793681145,
1,17299,,0.010755892843008041,
1,17349,,0.016062289476394653,
1,17399,,0.005559463053941727,
1,17449,,0.005702654831111431,
1,17499,,0.009380852803587914,
1,17549,,0.0025321319699287415,
1,17599,,0.0007546073175035417,
1,17649,,0.0055003054440021515,
1,17699,,0.005398297682404518,
1,17749,,0.011453955434262753,
1,17799,,0.00014655193081125617,
1,17849,,0.9811665415763855,
1,17899,,0.004244094714522362,
1,17949,,0.002015774603933096,
1,17999,,0.7432389855384827,
1,18049,,0.01784762367606163,
1,18099,,0.002207316691055894,
1,18149,,0.015601789578795433,
1,18199,,0.5678148865699768,
1,18249,,0.0010722752194851637,
1,18299,,0.001213938114233315,
1,18349,,0.004663425497710705,
1,18399,,0.2663991451263428,
1,18449,,0.003974351100623608,
1,18499,,0.0008624248439446092,
1,18549,,0.0053171440958976746,
1,18599,,0.19471052289009094,
1,18649,,0.08588370680809021,
1,18699,,0.008501619100570679,
1,18749,,0.007439023815095425,
1,18799,,0.0015270854346454144,
1,18849,,0.014163373969495296,
1,18899,,0.0026058610528707504,
1,18949,,0.2052212953567505,
1,18997,,,0.22341877222061157
1,18997,0.14689558744430542,,
2,18999,,0.20782247185707092,
2,19049,,0.03014017827808857,
2,19099,,0.6309492588043213,
2,19149,,0.002980002900585532,
2,19199,,0.006928065791726112,
2,19249,,0.7144560813903809,
2,19299,,0.01754860207438469,
2,19349,,1.0020530223846436,
2,19399,,0.006956329569220543,
2,19449,,0.004123520106077194,
2,19499,,0.007603344973176718,
2,19549,,0.0029434876050800085,
2,19599,,0.002784315962344408,
2,19649,,1.0373872518539429,
2,19699,,0.007412497885525227,
2,19749,,0.0014324672520160675,
2,19799,,0.10707592219114304,
2,19849,,0.0060964906588196754,
2,19899,,0.0021818731911480427,
2,19949,,0.11975523084402084,
2,19999,,0.0025770403444767,
2,20049,,0.15665443241596222,
2,20099,,0.0022383080795407295,
2,20149,,0.002766722347587347,
2,20199,,0.001563102356158197,
2,20249,,0.14591346681118011,
2,20299,,0.4301486313343048,
2,20349,,0.0016351139638572931,
2,20399,,0.7017363905906677,
2,20449,,0.22005940973758698,
2,20499,,0.010433372110128403,
2,20549,,0.017254216596484184,
2,20599,,0.37501513957977295,
2,20649,,1.1414155960083008,
2,20699,,0.008011123165488243,
2,20749,,1.1081894636154175,
2,20799,,0.2647587060928345,
2,20849,,0.0013841984327882528,
2,20899,,0.011090072803199291,
2,20949,,0.00011659103620331734,
2,20999,,0.0023109642788767815,
2,21049,,0.0025665948633104563,
2,21099,,0.0008766506798565388,
2,21149,,0.01964443549513817,
2,21199,,0.02370050549507141,
2,21249,,0.000944844912737608,
2,21299,,1.2726926803588867,
2,21349,,0.7562926411628723,
2,21399,,0.0038542388938367367,
2,21449,,0.0018665808020159602,
2,21499,,5.986283940728754e-05,
2,21549,,0.8136486411094666,
2,21599,,0.0034356466494500637,
2,21649,,0.0031948748510330915,
2,21699,,0.5776301622390747,
2,21749,,0.0012451267102733254,
2,21799,,0.2715488076210022,
2,21849,,0.1942567080259323,
2,21899,,0.006858211942017078,
2,21949,,0.002678446937352419,
2,21999,,0.21828660368919373,
2,22049,,0.007077911868691444,
2,22099,,0.701854407787323,
2,22149,,0.0009137861197814345,
2,22199,,0.0005834722542203963,
2,22249,,0.25742486119270325,
2,22299,,0.0020625810138881207,
2,22349,,0.0027814903296530247,
2,22399,,0.0002959445118904114,
2,22449,,0.0073432885110378265,
2,22499,,0.35559043288230896,
2,22549,,0.0021149241365492344,
2,22599,,0.010612694546580315,
2,22649,,0.3009991943836212,
2,22699,,0.22270971536636353,
2,22749,,0.009906820952892303,
2,22799,,1.0082753896713257,
2,22849,,0.005621178075671196,
2,22899,,0.46428200602531433,
2,22949,,0.0033143707551062107,
2,22999,,0.0005483698332682252,
2,23049,,0.00537506490945816,
2,23099,,0.00795242004096508,
2,23149,,0.005112923681735992,
2,23199,,0.5018353462219238,
2,23249,,0.0009351200424134731,
2,23299,,0.18233181536197662,
2,23349,,0.45990368723869324,
2,23399,,0.007258399855345488,
2,23449,,0.0003457138082012534,
2,23499,,0.0024637829046696424,
2,23549,,0.4154610335826874,
2,23599,,0.26816028356552124,
2,23649,,0.001938617555424571,
2,23699,,0.0011209219228476286,
2,23749,,0.014327815733850002,
2,23799,,0.0077430629171431065,
2,23849,,0.5276921987533569,
2,23899,,0.003153494093567133,
2,23949,,0.10623089969158173,
2,23999,,0.49520161747932434,
2,24049,,0.008596285246312618,
2,24099,,0.0015119072049856186,
2,24149,,0.07166032493114471,
2,24199,,0.0013198249507695436,
2,24249,,6.253612082218751e-05,
2,24299,,0.0034601115621626377,
2,24349,,0.00016283176955766976,
2,24399,,0.4282557964324951,
2,24449,,0.3653777241706848,
2,24499,,0.003692312864586711,
2,24549,,0.006538353394716978,
2,24599,,0.36801427602767944,
2,24649,,0.1885935366153717,
2,24699,,0.007573508657515049,
2,24749,,0.002912083175033331,
2,24799,,1.017581582069397,
2,24849,,0.08764823526144028,
2,24899,,0.06719161570072174,
2,24949,,0.006546538323163986,
2,24999,,0.5536438822746277,
2,25049,,0.0001574446796439588,
2,25099,,0.00039165859925560653,
2,25149,,0.17324143648147583,
2,25199,,0.0017847372218966484,
2,25249,,0.5267183780670166,
2,25299,,0.010491859167814255,
2,25349,,0.007423079572618008,
2,25399,,0.2278524488210678,
2,25449,,0.3228219747543335,
2,25499,,0.16557446122169495,
2,25549,,0.003650498576462269,
2,25599,,0.09932266175746918,
2,25649,,0.11530965566635132,
2,25699,,0.0010036943713203073,
2,25749,,0.4958820641040802,
2,25799,,0.004751224536448717,
2,25849,,0.1521139293909073,
2,25899,,0.00917351245880127,
2,25949,,0.016687747091054916,
2,25999,,0.14763107895851135,
2,26049,,0.00327498372644186,
2,26099,,0.002034978475421667,
2,26149,,0.014343997463583946,
2,26199,,0.0748012363910675,
2,26249,,0.0018596923910081387,
2,26299,,0.19432075321674347,
2,26349,,0.0022489065304398537,
2,26399,,0.8952606320381165,
2,26449,,0.007415110245347023,
2,26499,,0.1588839441537857,
2,26549,,0.008472754620015621,
2,26599,,0.0022554651368409395,
2,26649,,0.017429709434509277,
2,26699,,0.005862492136657238,
2,26749,,0.0012163325445726514,
2,26799,,0.000320479623042047,
2,26849,,0.36028897762298584,
2,26899,,0.1967204064130783,
2,26949,,6.628034316236153e-05,
2,26999,,0.00032491254387423396,
2,27049,,0.270021915435791,
2,27099,,0.11145108193159103,
2,27149,,0.011583087034523487,
2,27199,,0.0066698165610432625,
2,27249,,0.008628970943391323,
2,27299,,0.005129793658852577,
2,27349,,0.006466605234891176,
2,27399,,0.004178514704108238,
2,27449,,0.005548934452235699,
2,27499,,0.6191971302032471,
2,27549,,0.002396192867308855,
2,27599,,0.005553903058171272,
2,27649,,0.06840826570987701,
2,27699,,0.004329563118517399,
2,27749,,0.15996690094470978,
2,27799,,0.681835412979126,
2,27849,,0.00133797328453511,
2,27899,,0.010287699289619923,
2,27949,,0.0037918565794825554,
2,27999,,0.014887511730194092,
2,28049,,0.002578670857474208,
2,28099,,0.671779215335846,
2,28149,,0.004859228152781725,
2,28199,,0.33213579654693604,
2,28249,,0.3736957311630249,
2,28299,,0.40112924575805664,
2,28349,,0.1844119429588318,
2,28399,,0.0011379844509065151,
2,28449,,0.01306119840592146,
2,28496,,,0.20303767919540405
2,28496,0.13233189284801483,,
3,28499,,0.02002035826444626,
3,28549,,2.1853238649782725e-05,
3,28599,,0.2566511631011963,
3,28649,,0.001988471020013094,
3,28699,,1.0713744163513184,
3,28749,,0.0012753743212670088,
3,28799,,0.00767428008839488,
3,28849,,0.004589284770190716,
3,28899,,0.006864228751510382,
3,28949,,0.012142736464738846,
3,28999,,0.0010720640420913696,
3,29049,,0.005140908062458038,
3,29099,,0.20220670104026794,
3,29149,,0.0009484707843512297,
3,29199,,0.002448496175929904,
3,29249,,0.0271795392036438,
3,29299,,0.002793065505102277,
3,29349,,0.0008299339096993208,
3,29399,,0.012394911609590054,
3,29449,,0.01025867648422718,
3,29499,,0.32753756642341614,
3,29549,,0.21246391534805298,
3,29599,,0.00291098328307271,
3,29649,,0.00839984230697155,
3,29699,,0.008232146501541138,
3,29749,,0.13296173512935638,
3,29799,,0.3100198805332184,
3,29849,,0.0018061765003949404,
3,29899,,0.17743146419525146,
3,29949,,0.0019834379199892282,
3,29999,,0.002857155166566372,
3,30049,,0.013648293912410736,
3,30099,,0.005907800979912281,
3,30149,,0.007123751100152731,
3,30199,,0.0020692329853773117,
3,30249,,0.007393022067844868,
3,30299,,0.556273877620697,
3,30349,,0.0008090173942036927,
3,30399,,0.011070512235164642,
3,30449,,0.5822374820709229,
3,30499,,6.49293142487295e-05,
3,30549,,1.0122650861740112,
3,30599,,0.004420113749802113,
3,30649,,0.003322501666843891,
3,30699,,0.18274696171283722,
3,30749,,0.0013670467305928469,
3,30799,,0.018181221559643745,
3,30849,,0.4037576913833618,
3,30899,,0.0015973947010934353,
3,30949,,0.004185371566563845,
3,30999,,0.003384044859558344,
3,31049,,0.0036622972693294287,
3,31099,,0.006801439914852381,
3,31149,,0.20277436077594757,
3,31199,,0.004133767448365688,
3,31249,,0.0026376626919955015,
3,31299,,0.0034252479672431946,
3,31349,,0.002445702441036701,
3,31399,,0.0026762026827782393,
3,31449,,0.0016282708384096622,
3,31499,,0.16075438261032104,
3,31549,,0.0008213914697989821,
3,31599,,0.12379853427410126,
3,31649,,0.7512519359588623,
3,31699,,0.003808857873082161,
3,31749,,0.005093077663332224,
3,31799,,0.011683950200676918,
3,31849,,0.7373001575469971,
3,31899,,0.2942734658718109,
3,31949,,0.5195793509483337,
3,31999,,0.00024463830050081015,
3,32049,,0.003208946669474244,
3,32099,,0.006240524351596832,
3,32149,,0.0036558869760483503,
3,32199,,0.6171234250068665,
3,32249,,0.0017560292035341263,
3,32299,,0.008374566212296486,
3,32349,,0.7537076473236084,
3,32399,,0.5027366280555725,
3,32449,,0.0002595760743133724,
3,32499,,0.30519846081733704,
3,32549,,0.009994182735681534,
3,32599,,0.0007794931880198419,
3,32649,,0.0011250051902607083,
3,32699,,0.0002850655291695148,
3,32749,,0.00013372856483329087,
3,32799,,0.004281710833311081,
3,32849,,0.8688095808029175,
3,32899,,0.008298827335238457,
3,32949,,0.0008732922142371535,
3,32999,,0.002029098104685545,
3,33049,,0.004615547601133585,
3,33099,,0.0007164112757891417,
3,33149,,1.0304808616638184,
3,33199,,0.005922377109527588,
3,33249,,0.004248692654073238,
3,33299,,0.1295449286699295,
3,33349,,0.007780482992529869,
3,33399,,0.42245563864707947,
3,33449,,0.8075433969497681,
3,33499,,0.007926063612103462,
3,33549,,0.003223215229809284,
3,33599,,0.479274719953537,
3,33649,,0.006766092963516712,
3,33699,,0.003946273121982813,
3,33749,,0.0018388933967798948,
3,33799,,0.006442582234740257,
3,33849,,0.013463988900184631,
3,33899,,0.26422548294067383,
3,33949,,0.003932693973183632,
3,33999,,0.19870439171791077,
3,34049,,0.0021122461184859276,
3,34099,,0.0005245369393378496,
3,34149,,0.9502911567687988,
3,34199,,0.00022298072872217745,
3,34249,,0.00010499227209948003,
3,34299,,0.8445671796798706,
3,34349,,0.6761062741279602,
3,34399,,0.006047425325959921,
3,34449,,0.01869383081793785,
3,34499,,0.003227898618206382,
3,34549,,3.220538201276213e-05,
3,34599,,0.002298586070537567,
3,34649,,0.003069813596084714,
3,34699,,0.003879188559949398,
3,34749,,0.0024024900048971176,
3,34799,,0.2527168095111847,
3,34849,,0.008500831201672554,
3,34899,,0.017172921448946,
3,34949,,0.003835162613540888,
3,34999,,0.017041686922311783,
3,35049,,0.001462696585804224,
3,35099,,0.0800602063536644,
3,35149,,0.009874984622001648,
3,35199,,0.34957507252693176,
3,35249,,0.0008275484433397651,
3,35299,,0.005837082862854004,
3,35349,,0.008698385208845139,
3,35399,,0.0051169926300644875,
3,35449,,0.019423287361860275,
3,35499,,0.008702761493623257,
3,35549,,0.294190376996994,
3,35599,,0.003252035938203335,
3,35649,,0.005862222518771887,
3,35699,,0.16177386045455933,
3,35749,,0.13368982076644897,
3,35799,,0.001275549060665071,
3,35849,,0.007388832047581673,
3,35899,,0.01654048264026642,
3,35949,,1.8575935363769531,
3,35999,,0.0030593080446124077,
3,36049,,0.2638917863368988,
3,36099,,0.0032913328614085913,
3,36149,,0.0003314172790851444,
3,36199,,2.005682654271368e-05,
3,36249,,8.179341966751963e-05,
3,36299,,0.046136341989040375,
3,36349,,0.004845685325562954,
3,36399,,0.0007175266509875655,
3,36449,,0.00468333438038826,
3,36499,,0.2217470109462738,
3,36549,,0.0005363227101042867,
3,36599,,0.00015582327614538372,
3,36649,,0.5353518128395081,
3,36699,,0.0029289203230291605,
3,36749,,0.0020043908152729273,
3,36799,,0.006807312369346619,
3,36849,,0.001182283740490675,
3,36899,,0.012480778619647026,
3,36949,,0.00394210871309042,
3,36999,,0.0022466820664703846,
3,37049,,0.008004147559404373,
3,37099,,0.24279466271400452,
3,37149,,0.010154958814382553,
3,37199,,0.0022390971425920725,
3,37249,,0.00173659878782928,
3,37299,,0.003769699949771166,
3,37349,,0.0064115142449736595,
3,37399,,0.012266350910067558,
3,37449,,0.005696422420442104,
3,37499,,0.12889833748340607,
3,37549,,0.5051890015602112,
3,37599,,0.002963041188195348,
3,37649,,0.0009599156910553575,
3,37699,,0.007062449585646391,
3,37749,,0.0010748683707788587,
3,37799,,0.024215886369347572,
3,37849,,0.18062753975391388,
3,37899,,0.0018826531013473868,
3,37949,,0.007770082913339138,
3,37995,,,0.18621858954429626
3,37995,0.12696172297000885,,
4,37999,,0.001982232555747032,
4,38049,,0.00015059480210766196,
4,38099,,0.007771449163556099,
4,38149,,0.0014984209556132555,
4,38199,,0.0008222295437008142,
4,38249,,0.0011037138756364584,
4,38299,,0.010128730908036232,
4,38349,,0.0016298474511131644,
4,38399,,0.000811516831163317,
4,38449,,0.003408696036785841,
4,38499,,0.0009240831714123487,
4,38549,,0.002890013623982668,
4,38599,,0.00789126381278038,
4,38649,,0.0003196843317709863,
4,38699,,0.009477452374994755,
4,38749,,0.36744391918182373,
4,38799,,1.3557045459747314,
4,38849,,0.05549827963113785,
4,38899,,1.0116808414459229,
4,38949,,0.030261369422078133,
4,38999,,0.0003131229314021766,
4,39049,,0.0007435907027684152,
4,39099,,0.002391798421740532,
4,39149,,0.0021625743247568607,
4,39199,,0.6530510187149048,
4,39249,,0.15179762244224548,
4,39299,,0.008991371840238571,
4,39349,,0.00141111109405756,
4,39399,,1.0076181888580322,
4,39449,,0.004516096785664558,
4,39499,,0.9716447591781616,
4,39549,,1.0133094787597656,
4,39599,,0.004855243489146233,
4,39649,,0.0011883655097335577,
4,39699,,0.48591309785842896,
4,39749,,0.2907775342464447,
4,39799,,0.0005101016140542924,
4,39849,,0.005235808901488781,
4,39899,,0.12832103669643402,
4,39949,,0.21955105662345886,
4,39999,,0.9121319651603699,
4,40049,,0.634450376033783,
4,40099,,0.003538707969710231,
4,40149,,3.822210055659525e-05,
4,40199,,0.0014344777446240187,
4,40249,,1.012397289276123,
4,40299,,0.0213000550866127,
4,40349,,0.010427436791360378,
4,40399,,0.010429419577121735,
4,40449,,0.006724518723785877,
4,40499,,0.008701389655470848,
4,40549,,0.0017129749758169055,
4,40599,,0.4123089909553528,
4,40649,,0.11094332486391068,
4,40699,,0.005242403596639633,
4,40749,,0.002324417233467102,
4,40799,,0.48487818241119385,
4,40849,,0.055545564740896225,
4,40899,,0.23143139481544495,
4,40949,,0.6108818054199219,
4,40999,,0.046527598053216934,
4,41049,,0.003049087943509221,
4,41099,,1.0952317714691162,
4,41149,,0.2459920346736908,
4,41199,,0.0014121761778369546,
4,41249,,0.0016901777125895023,
4,41299,,0.002615730045363307,
4,41349,,0.005002181511372328,
4,41399,,0.365676611661911,
4,41449,,0.07749184966087341,
4,41499,,0.007215436547994614,
4,41549,,0.004445689730346203,
4,41599,,0.0015628852415829897,
4,41649,,0.001870030420832336,
4,41699,,0.0002672842820174992,
4,41749,,0.0006994183058850467,
4,41799,,0.0005536126554943621,
4,41849,,0.003403285052627325,
4,41899,,0.0045519499108195305,
4,41949,,0.017981307581067085,
4,41999,,0.8149517774581909,
4,42049,,0.009609263390302658,
4,42099,,0.008980564773082733,
4,42149,,0.0014920560643076897,
4,42199,,0.1451350301504135,
4,42249,,0.0012912169331684709,
4,42299,,0.005159736145287752,
4,42349,,0.0011874549090862274,
4,42399,,0.0014300602488219738,
4,42449,,0.008839555084705353,
4,42499,,0.002818714827299118,
4,42549,,0.00946766696870327,
4,42599,,0.11714434623718262,
4,42649,,0.3056054711341858,
4,42699,,0.009748968295753002,
4,42749,,0.707197904586792,
4,42799,,0.00214908504858613,
4,42849,,0.14779691398143768,
4,42899,,0.002038785954937339,
4,42949,,0.9794304966926575,
4,42999,,0.0024954171385616064,
4,43049,,0.33397746086120605,
4,43099,,0.4877994954586029,
4,43149,,0.21035946905612946,
4,43199,,0.0039037156384438276,
4,43249,,0.002153464127331972,
4,43299,,0.0020914622582495213,
4,43349,,0.004845885559916496,
4,43399,,0.00499518308788538,
4,43449,,0.4947636127471924,
4,43499,,0.00044184239231981337,
4,43549,,0.0030433395877480507,
4,43599,,0.007507710717618465,
4,43649,,0.0022829053923487663,
4,43699,,0.14410938322544098,
4,43749,,0.003576587652787566,
4,43799,,0.004504390526562929,
4,43849,,0.0017587036127224565,
4,43899,,0.0033595417626202106,
4,43949,,0.01456420123577118,
4,43999,,0.7877092957496643,
4,44049,,0.0017523043788969517,
4,44099,,0.557042121887207,
4,44149,,0.0008077510865405202,
4,44199,,0.0037830930668860674,
4,44249,,0.0028499355539679527,
4,44299,,0.008795566856861115,
4,44349,,0.0015491365920752287,
4,44399,,0.0024155965074896812,
4,44449,,0.004732142202556133,
4,44499,,0.09595673531293869,
4,44549,,0.00147342961281538,
4,44599,,0.0007203012355603278,
4,44649,,1.0126779079437256,
4,44699,,0.002381029538810253,
4,44749,,0.008850772865116596,
4,44799,,0.00028070627013221383,
4,44849,,0.002631161129102111,
4,44899,,0.09004101157188416,
4,44949,,0.005199127830564976,
4,44999,,0.11429581046104431,
4,45049,,0.08812354505062103,
4,45099,,9.85324295470491e-05,
4,45149,,0.004589267075061798,
4,45199,,0.015155032277107239,
4,45249,,0.0215691439807415,
4,45299,,0.18776912987232208,
4,45349,,0.01439514197409153,
4,45399,,0.011637277901172638,
4,45449,,0.006755225360393524,
4,45499,,0.24402914941310883,
4,45549,,0.003076619701460004,
4,45599,,0.009461233392357826,
4,45649,,0.28209537267684937,
4,45699,,0.14465197920799255,
4,45749,,0.001423026667907834,
4,45799,,0.2897137701511383,
4,45849,,0.002410564571619034,
4,45899,,0.0006991354166530073,
4,45949,,0.005510460585355759,
4,45999,,0.001059134490787983,
4,46049,,0.008514855057001114,
4,46099,,0.0018728142604231834,
4,46149,,0.001343146082945168,
4,46199,,0.001053147716447711,
4,46249,,0.001505424501374364,
4,46299,,0.0009617835748940706,
4,46349,,0.006567854899913073,
4,46399,,0.0015649907290935516,
4,46449,,0.6738606095314026,
4,46499,,0.00017930890317074955,
4,46549,,0.005453117657452822,
4,46599,,0.006792185828089714,
4,46649,,0.0012944263871759176,
4,46699,,0.0033653052523732185,
4,46749,,0.0055786315351724625,
4,46799,,0.03696484491229057,
4,46849,,0.07651855051517487,
4,46899,,0.01202438399195671,
4,46949,,0.0015779354143887758,
4,46999,,0.08931006491184235,
4,47049,,0.4453659653663635,
4,47099,,0.002712284680455923,
4,47149,,0.001793170114979148,
4,47199,,0.00019862940825987607,
4,47249,,2.927508467109874e-05,
4,47299,,0.017740467563271523,
4,47349,,0.0013798789586871862,
4,47399,,0.0008961561834439635,
4,47449,,0.9079940319061279,
4,47494,,,0.17534680664539337
4,47494,0.1220603808760643,,
5,47499,,0.24517416954040527,
5,47549,,0.002840587869286537,
5,47599,,0.0013013753341510892,
5,47649,,0.0008975309319794178,
5,47699,,0.0023761147167533636,
5,47749,,0.21187235414981842,
5,47799,,0.002704446669667959,
5,47849,,0.0017472393810749054,
5,47899,,0.0031737666577100754,
5,47949,,0.0059028067626059055,
5,47999,,0.0011955988593399525,
5,48049,,0.30267584323883057,
5,48099,,0.0014949423493817449,
5,48149,,0.0010141385719180107,
5,48199,,0.003903160337358713,
5,48249,,1.001796841621399,
5,48299,,0.18489103019237518,
5,48349,,0.0019224467687308788,
5,48399,,0.012659354135394096,
5,48449,,0.0011346888495609164,
5,48499,,0.0026544304564595222,
5,48549,,0.08978856354951859,
5,48599,,0.0018842702265828848,
5,48649,,0.0005046738078817725,
5,48699,,0.0006481981254182756,
5,48749,,0.0066406927071511745,
5,48799,,0.0022280635312199593,
5,48849,,0.0016216827789321542,
5,48899,,0.000934088951908052,
5,48949,,0.0007028774125501513,
5,48999,,0.00013385500642471015,
5,49049,,0.3231754004955292,
5,49099,,0.7514119148254395,
5,49149,,0.14646363258361816,
5,49199,,0.0005900782998651266,
5,49249,,0.01804613135755062,
5,49299,,0.00024603394558653235,
5,49349,,0.0007811654359102249,
5,49399,,0.09775044769048691,
5,49449,,0.0041853939183056355,
5,49499,,0.0033960705623030663,
5,49549,,0.1936333179473877,
5,49599,,0.588097095489502,
5,49649,,0.0005758326733484864,
5,49699,,0.00935856718569994,
5,49749,,0.0013428173260763288,
5,49799,,0.18118397891521454,
5,49849,,0.5061206221580505,
5,49899,,0.005628663580864668,
5,49949,,0.002924774307757616,
5,49999,,0.0035482922103255987,
5,50049,,0.08559880405664444,
5,50099,,0.0007042667712084949,
5,50149,,1.0113375186920166,
5,50199,,0.006331382319331169,
5,50249,,1.1415528059005737,
5,50299,,0.09608528763055801,
5,50349,,0.0008157542906701565,
5,50399,,0.0030724010430276394,
5,50449,,0.5669842958450317,
5,50499,,0.0006572688580490649,
5,50549,,0.0941232368350029,
5,50599,,0.00019725458696484566,
5,50649,,0.5366873145103455,
5,50699,,0.005109068006277084,
5,50749,,0.10451024025678635,
5,50799,,0.004765557125210762,
5,50849,,0.0038968855515122414,
5,50899,,0.08873839676380157,
5,50949,,0.004724743776023388,
5,50999,,0.000652915914542973,
5,51049,,0.0027692655567079782,
5,51099,,1.15105402469635,
5,51149,,0.0005633605178445578,
5,51199,,0.19609947502613068,
5,51249,,0.0016164652770385146,
5,51299,,0.005086359567940235,
5,51349,,0.009056197479367256,
5,51399,,0.0009194675949402153,
5,51449,,0.0018177058082073927,
5,51499,,0.016899649053812027,
5,51549,,0.004412018693983555,
5,51599,,1.0252784490585327,
5,51649,,0.00011951917258556932,
5,51699,,0.00010229152394458652,
5,51749,,1.4427433013916016,
5,51799,,0.000840858556330204,
5,51849,,6.887469498906285e-05,
5,51899,,0.29933181405067444,
5,51949,,0.001425605732947588,
5,51999,,0.014124337583780289,
5,52049,,2.6275163691025227e-05,
5,52099,,0.0075678275898098946,
5,52149,,0.00652299914509058,
5,52199,,0.0013181285466998816,
5,52249,,0.02607836201786995,
5,52299,,0.004694653209298849,
5,52349,,0.008242964744567871,
5,52399,,0.011284274980425835,
5,52449,,0.0003007264749612659,
5,52499,,0.0023377039469778538,
5,52549,,0.002318644430488348,
5,52599,,0.003296969458460808,
5,52649,,0.0003915897395927459,
5,52699,,0.33233562111854553,
5,52749,,0.0021412218920886517,
5,52799,,0.1272297203540802,
5,52849,,0.0052397847175598145,
5,52899,,9.120399772655219e-05,
5,52949,,0.19197477400302887,
5,52999,,0.0007789434748701751,
5,53049,,0.015849564224481583,
5,53099,,0.0014634861145168543,
5,53149,,0.012345448136329651,
5,53199,,0.0006575749721378088,
5,53249,,0.007881667464971542,
5,53299,,0.0025303210131824017,
5,53349,,0.002429102547466755,
5,53399,,0.0074164606630802155,
5,53449,,0.0001598953822394833,
5,53499,,0.0002558436244726181,
5,53549,,0.000758928305003792,
5,53599,,0.012638440355658531,
5,53649,,0.0020764172077178955,
5,53699,,0.0055253999307751656,
5,53749,,0.2144959270954132,
5,53799,,0.0054835062474012375,
5,53849,,0.013495693914592266,
5,53899,,0.21652793884277344,
5,53949,,0.0030882717110216618,
5,53999,,0.0008966944878920913,
5,54049,,0.0020603914745151997,
5,54099,,0.015788789838552475,
5,54149,,0.000662808888591826,
5,54199,,0.009540393948554993,
5,54249,,0.6811614036560059,
5,54299,,0.002984166145324707,
5,54349,,0.00542580708861351,
5,54399,,0.005798058584332466,
5,54449,,1.0111925601959229,
5,54499,,0.013848237693309784,
5,54549,,0.00027785066049546003,
5,54599,,0.007824455387890339,
5,54649,,0.0045302994549274445,
5,54699,,0.0032417839393019676,
5,54749,,0.0003397830296307802,
5,54799,,0.00209856778383255,
5,54849,,0.014994742348790169,
5,54899,,0.004538046661764383,
5,54949,,0.6972793936729431,
5,54999,,0.02666761726140976,
5,55049,,0.000979884061962366,
5,55099,,0.0059996554628014565,
5,55149,,0.21302078664302826,
5,55199,,0.0020065889693796635,
5,55249,,0.004934013821184635,
5,55299,,0.0239739790558815,
5,55349,,0.0023013607133179903,
5,55399,,0.0004310511867515743,
5,55449,,0.0029773989226669073,
5,55499,,0.0044640409760177135,
5,55549,,0.003499514888972044,
5,55599,,0.0012619660701602697,
5,55649,,0.005840694531798363,
5,55699,,0.0022227661684155464,
5,55749,,0.009523067623376846,
5,55799,,0.3042360842227936,
5,55849,,0.000841233879327774,
5,55899,,0.035716667771339417,
5,55949,,0.0055672526359558105,
5,55999,,0.0008078360115177929,
5,56049,,1.00120210647583,
5,56099,,3.0275899916887283e-05,
5,56149,,0.0009472915553487837,
5,56199,,0.00041051069274544716,
5,56249,,4.889447154710069e-05,
5,56299,,0.012747622095048428,
5,56349,,0.0022339709103107452,
5,56399,,0.014475580304861069,
5,56449,,0.003058608155697584,
5,56499,,6.788900645915419e-05,
5,56549,,0.0007911025895737112,
5,56599,,0.0019673635251820087,
5,56649,,0.0002657753066159785,
5,56699,,0.009783285669982433,
5,56749,,0.00034944835351780057,
5,56799,,0.015750549733638763,
5,56849,,0.004345773719251156,
5,56899,,0.002557016210630536,
5,56949,,0.0021988535299897194,
5,56993,,,0.16054445505142212
5,56993,0.11613931506872177,,
6,56999,,0.0052892668172717094,
6,57049,,0.0012146488297730684,
6,57099,,0.6283054947853088,
6,57149,,0.0020645102486014366,
6,57199,,0.0013905087253078818,
6,57249,,0.0002251354744657874,
6,57299,,0.0002451435138937086,
6,57349,,0.6473996639251709,
6,57399,,0.00033720271312631667,
6,57449,,0.0010580841917544603,
6,57499,,0.006666374392807484,
6,57549,,0.004477493930608034,
6,57599,,0.0065575591288506985,
6,57649,,0.005814722273498774,
6,57699,,0.6036387085914612,
6,57749,,0.0002913527423515916,
6,57799,,0.0036872311029583216,
6,57849,,0.018374552950263023,
6,57899,,0.00011055638606194407,
6,57949,,0.007994335144758224,
6,57999,,0.007191578857600689,
6,58049,,0.007874004542827606,
6,58099,,0.011256741359829903,
6,58149,,1.82189978659153e-05,
6,58199,,0.02351866103708744,
6,58249,,0.009881682693958282,
6,58299,,0.17331483960151672,
6,58349,,0.0016027298988774419,
6,58399,,0.0013259535189718008,
6,58449,,0.012236746959388256,
6,58499,,0.009201902896165848,
6,58549,,6.119658064562827e-05,
6,58599,,0.00366467353887856,
6,58649,,0.016272030770778656,
6,58699,,0.11400508135557175,
6,58749,,0.013070941902697086,
6,58799,,0.0013641130644828081,
6,58849,,0.0002978483971673995,
6,58899,,1.0010110139846802,
6,58949,,0.3151484727859497,
6,58999,,0.0632491260766983,
6,59049,,0.3433936536312103,
6,59099,,0.3935573995113373,
6,59149,,0.0005768907722085714,
6,59199,,0.0023454539477825165,
6,59249,,0.02414301410317421,
6,59299,,0.00023008919379208237,
6,59349,,0.0013999323127791286,
6,59399,,0.0035122078843414783,
6,59449,,0.003401883877813816,
6,59499,,0.0011501307599246502,
6,59549,,0.12318049371242523,
6,59599,,0.0006689554429613054,
6,59649,,0.0023976557422429323,
6,59699,,0.005369361490011215,
6,59749,,0.003299551084637642,
6,59799,,0.0006235956680029631,
6,59849,,1.032856822013855,
6,59899,,0.010622624307870865,
6,59949,,0.0019164261175319552,
6,59999,,0.7457383871078491,
6,60049,,0.8925654292106628,
6,60099,,0.0039061938878148794,
6,60149,,0.000246016017626971,
6,60199,,0.006766413804143667,
6,60249,,4.8777910706121475e-05,
6,60299,,2.4924505851231515e-05,
6,60349,,8.224508201237768e-05,
6,60399,,0.00399714196100831,
6,60449,,1.0342732667922974,
6,60499,,0.00017192726954817772,
6,60549,,0.000364877050742507,
6,60599,,0.00014390095020644367,
6,60649,,0.0003155459417030215,
6,60699,,0.18128760159015656,
6,60749,,0.0021855293307453394,
6,60799,,0.023846842348575592,
6,60849,,0.0007376613211818039,
6,60899,,0.0046349260956048965,
6,60949,,0.0017386508407071233,
6,60999,,0.006380591541528702,
6,61049,,0.021619513630867004,
6,61099,,0.002684928011149168,
6,61149,,0.23553428053855896,
6,61199,,0.5223677158355713,
6,61249,,0.0001928703859448433,
6,61299,,0.005372248589992523,
6,61349,,0.0016784494509920478,
6,61399,,0.15109367668628693,
6,61449,,0.018076147884130478,
6,61499,,0.0021340553648769855,
6,61549,,0.004183330573141575,
6,61599,,0.008483713492751122,
6,61649,,0.0009543872438371181,
6,61699,,0.004630157258361578,
6,61749,,8.355513273272663e-05,
6,61799,,0.007536004297435284,
6,61849,,0.12692484259605408,
6,61899,,0.003800343256443739,
6,61949,,0.3710976541042328,
6,61999,,0.005797222256660461,
6,62049,,0.0037600158248096704,
6,62099,,0.0003764841821976006,
6,62149,,0.8439034223556519,
6,62199,,0.013370901346206665,
6,62249,,0.003211645409464836,
6,62299,,0.014543355442583561,
6,62349,,0.31466376781463623,
6,62399,,0.01009285170584917,
6,62449,,0.20311088860034943,
6,62499,,0.00599353201687336,
6,62549,,0.006707632914185524,
6,62599,,0.003183399559929967,
6,62649,,0.7088245749473572,
6,62699,,0.003138550790026784,
6,62749,,0.003871884662657976,
6,62799,,0.015166313387453556,
6,62849,,0.5636687278747559,
6,62899,,0.03327871486544609,
6,62949,,5.9908437833655626e-05,
6,62999,,0.003989482298493385,
6,63049,,0.1725774109363556,
6,63099,,0.880392849445343,
6,63149,,0.018589451909065247,
6,63199,,0.27694329619407654,
6,63249,,0.13009753823280334,
6,63299,,0.20410269498825073,
6,63349,,0.012765754014253616,
6,63399,,0.23074252903461456,
6,63449,,0.0008166406769305468,
6,63499,,0.0037163090892136097,
6,63549,,0.0037041231989860535,
6,63599,,0.0023004813119769096,
6,63649,,0.0005095424130558968,
6,63699,,0.00819262582808733,
6,63749,,0.003013072768226266,
6,63799,,0.0020321097690612078,
6,63849,,0.0016328487545251846,
6,63899,,0.08403801918029785,
6,63949,,0.004477623384445906,
6,63999,,0.0046890429221093655,
6,64049,,0.011256382800638676,
6,64099,,0.0022825151681900024,
6,64149,,0.012783096171915531,
6,64199,,0.00022026781516615301,
6,64249,,0.004345082677900791,
6,64299,,0.38955289125442505,
6,64349,,0.86407870054245,
6,64399,,0.7469948530197144,
6,64449,,0.0012405863963067532,
6,64499,,0.00013000059698242694,
6,64549,,0.002567121060565114,
6,64599,,0.09051192551851273,
6,64649,,0.006656793877482414,
6,64699,,0.0028397608548402786,
6,64749,,0.14427973330020905,
6,64799,,0.08032840490341187,
6,64849,,0.00011046291183447465,
6,64899,,0.0005458787782117724,
6,64949,,0.0010509956628084183,
6,64999,,0.00034882721956819296,
6,65049,,0.01030747964978218,
6,65099,,8.484032878186554e-05,
6,65149,,0.0016739359125494957,
6,65199,,4.693940354627557e-05,
6,65249,,0.0020897947251796722,
6,65299,,0.0006249862490221858,
6,65349,,0.0003964936768170446,
6,65399,,0.00011657402501441538,
6,65449,,0.00013797797146253288,
6,65499,,0.012874392792582512,
6,65549,,0.25058460235595703,
6,65599,,0.0017796473111957312,
6,65649,,0.21389487385749817,
6,65699,,0.019083507359027863,
6,65749,,0.018216196447610855,
6,65799,,0.759647011756897,
6,65849,,0.004548260010778904,
6,65899,,0.0022161658853292465,
6,65949,,0.1963295191526413,
6,65999,,0.0005331938737072051,
6,66049,,2.6710977181210183e-05,
6,66099,,0.1542978584766388,
6,66149,,0.0009047891362570226,
6,66199,,0.0035002443473786116,
6,66249,,2.5149689463432878e-05,
6,66299,,0.0005457984516397119,
6,66349,,0.007305736653506756,
6,66399,,0.0013550542062148452,
6,66449,,0.18604634702205658,
6,66492,,,0.15223996341228485
6,66492,0.11186398565769196,,
7,66499,,0.001368318684399128,
7,66549,,0.4356515109539032,
7,66599,,0.16933706402778625,
7,66649,,0.0058989739045500755,
7,66699,,0.09157340228557587,
7,66749,,0.004779672250151634,
7,66799,,0.7757803797721863,
7,66849,,0.5496441125869751,
7,66899,,0.0004446144448593259,
7,66949,,0.005378894507884979,
7,66999,,5.3886953537585214e-05,
7,67049,,0.0014099015388637781,
7,67099,,0.38937148451805115,
7,67149,,0.008555009961128235,
7,67199,,0.006758804898709059,
7,67249,,0.09366277605295181,
7,67299,,0.014553092420101166,
7,67349,,0.007148756179958582,
7,67399,,0.00021919500431977212,
7,67449,,5.047424929216504e-05,
7,67499,,0.004701549652963877,
7,67549,,0.0010597973596304655,
7,67599,,0.0004114120383746922,
7,67649,,0.021073268726468086,
7,67699,,0.0010310444049537182,
7,67749,,0.00969376228749752,
7,67799,,0.00015027567860670388,
7,67849,,0.004858965519815683,
7,67899,,0.013393850065767765,
7,67949,,0.0024421107955276966,
7,67999,,0.008939710445702076,
7,68049,,0.0001930783619172871,
7,68099,,0.8295227885246277,
7,68149,,0.0012277124915271997,
7,68199,,0.0008289444958791137,
7,68249,,0.18623599410057068,
7,68299,,0.001982741989195347,
7,68349,,0.0015761461108922958,
7,68399,,0.3165316879749298,
7,68449,,0.0022656365763396025,
7,68499,,0.000754231121391058,
7,68549,,0.0039042297285050154,
7,68599,,0.026060402393341064,
7,68649,,0.0026411465369164944,
7,68699,,0.0012204578379169106,
7,68749,,0.003781413659453392,
7,68799,,0.24066439270973206,
7,68849,,0.004450608976185322,
7,68899,,0.21346455812454224,
7,68949,,0.0009397719404660165,
7,68999,,0.005316826514899731,
7,69049,,0.009559339843690395,
7,69099,,0.7218983769416809,
7,69149,,0.274919331073761,
7,69199,,0.0004267286276444793,
7,69249,,0.0056958370842039585,
7,69299,,0.0002115821116603911,
7,69349,,0.023684456944465637,
7,69399,,1.0068212747573853,
7,69449,,0.6741219758987427,
7,69499,,0.09215909242630005,
7,69549,,0.0005746390670537949,
7,69599,,0.0011292783310636878,
7,69649,,0.005889425985515118,
7,69699,,0.022302305325865746,
7,69749,,1.0395046472549438,
7,69799,,0.0006332596531137824,
7,69849,,3.741792170330882e-05,
7,69899,,0.015795249491930008,
7,69949,,0.00295406486839056,
7,69999,,0.0045626843348145485,
7,70049,,0.006095407530665398,
7,70099,,0.2056705355644226,
7,70149,,0.004091563168913126,
7,70199,,0.06555114686489105,
7,70249,,0.0037870602682232857,
7,70299,,0.014364000409841537,
7,70349,,0.2305278331041336,
7,70399,,0.004390530753880739,
7,70449,,0.010299050249159336,
7,70499,,0.006397102028131485,
7,70549,,0.44103673100471497,
7,70599,,0.44654086232185364,
7,70649,,0.000997585360892117,
7,70699,,0.10307331383228302,
7,70749,,0.14205066859722137,
7,70799,,0.001013399101793766,
7,70849,,0.5452623963356018,
7,70899,,1.0214303731918335,
7,70949,,0.004386761225759983,
7,70999,,0.0015793442726135254,
7,71049,,0.004952334798872471,
7,71099,,0.2654024362564087,
7,71149,,0.0009637047187425196,
7,71199,,0.19598756730556488,
7,71249,,0.4839624762535095,
7,71299,,0.0016082327347248793,
7,71349,,4.4863852963317186e-05,
7,71399,,5.328012048266828e-05,
7,71449,,0.0004700545687228441,
7,71499,,2.57181964116171e-05,
7,71549,,0.31217271089553833,
7,71599,,0.003404841525480151,
7,71649,,0.0011992884101346135,
7,71699,,0.0004567280993796885,
7,71749,,0.002901807427406311,
7,71799,,0.0008495397632941604,
7,71849,,0.003472850425168872,
7,71899,,0.0029460054356604815,
7,71949,,0.011118745431303978,
7,71999,,0.0012949828524142504,
7,72049,,0.0001871023850981146,
7,72099,,0.003838856238871813,
7,72149,,0.626841127872467,
7,72199,,0.6349375247955322,
7,72249,,0.0070280516520142555,
7,72299,,0.01899520866572857,
7,72349,,0.36792200803756714,
7,72399,,0.0008166392217390239,
7,72449,,0.0007661353447474539,
7,72499,,0.0023036845959722996,
7,72549,,9.579944889992476e-05,
7,72599,,0.49674057960510254,
7,72649,,0.0008842553943395615,
7,72699,,0.19809691607952118,
7,72749,,0.009462343528866768,
7,72799,,0.002783393720164895,
7,72849,,0.18335407972335815,
7,72899,,0.00010920018394244835,
7,72949,,0.0009862494189292192,
7,72999,,0.001499419566243887,
7,73049,,0.35955432057380676,
7,73099,,0.002565464936196804,
7,73149,,0.009617526084184647,
7,73199,,0.00025307765463367105,
7,73249,,0.0014757016906514764,
7,73299,,0.001616963418200612,
7,73349,,0.009409099817276001,
7,73399,,0.09745341539382935,
7,73449,,0.0018093192484229803,
7,73499,,0.02117987535893917,
7,73549,,0.00020341662457212806,
7,73599,,0.0027004224248230457,
7,73649,,0.029348891228437424,
7,73699,,0.7315366268157959,
7,73749,,0.0077721066772937775,
7,73799,,0.0008143888553604484,
7,73849,,0.002307372633367777,
7,73899,,0.0109262615442276,
7,73949,,0.01646767370402813,
7,73999,,0.08530192822217941,
7,74049,,0.008635193109512329,
7,74099,,0.0005584508180618286,
7,74149,,0.00048731526476331055,
7,74199,,0.0009923097677528858,
7,74249,,0.005459087900817394,
7,74299,,0.001485416665673256,
7,74349,,0.014158109202980995,
7,74399,,0.003255769843235612,
7,74449,,0.0021606553345918655,
7,74499,,0.3450203239917755,
7,74549,,0.7065098881721497,
7,74599,,0.00014587168698199093,
7,74649,,0.0006566375959664583,
7,74699,,0.001800119411200285,
7,74749,,0.00193398492410779,
7,74799,,0.000801754416897893,
7,74849,,0.012066677212715149,
7,74899,,0.08145412802696228,
7,74949,,0.0033220062032341957,
7,74999,,0.00021910683426540345,
7,75049,,0.27252206206321716,
7,75099,,0.005494073964655399,
7,75149,,0.04578860104084015,
7,75199,,0.12236008048057556,
7,75249,,0.17217755317687988,
7,75299,,0.002123314654454589,
7,75349,,0.16938990354537964,
7,75399,,0.000526861404068768,
7,75449,,7.51548504922539e-05,
7,75499,,0.29241058230400085,
7,75549,,0.6329576969146729,
7,75599,,0.09790124744176865,
7,75649,,6.0010599554516375e-05,
7,75699,,5.771408541477285e-05,
7,75749,,0.5558769702911377,
7,75799,,0.001603494631126523,
7,75849,,0.019983798265457153,
7,75899,,8.947906462708488e-05,
7,75949,,0.0010386367794126272,
7,75991,,,0.18198446929454803
7,75991,0.10599919408559799,,
8,75999,,0.030500132590532303,
8,76049,,0.0012179708573967218,
8,76099,,0.00033550907392054796,
8,76149,,0.011030297726392746,
8,76199,,0.22478382289409637,
8,76249,,0.0027865925803780556,
8,76299,,0.005296483635902405,
8,76349,,0.0020297523587942123,
8,76399,,0.19230325520038605,
8,76449,,0.2963566482067108,
8,76499,,0.0007603714475408196,
8,76549,,0.00035135436337441206,
8,76599,,0.005694436840713024,
8,76649,,0.1690531224012375,
8,76699,,0.004616441670805216,
8,76749,,0.11758172512054443,
8,76799,,0.1052502989768982,
8,76849,,0.0005817218916490674,
8,76899,,0.006960705388337374,
8,76949,,0.004158926196396351,
8,76999,,0.00016842555487528443,
8,77049,,0.033340200781822205,
8,77099,,0.010515746660530567,
8,77149,,0.0037164685782045126,
8,77199,,0.25042882561683655,
8,77249,,0.0019316078396514058,
8,77299,,0.00022493815049529076,
8,77349,,0.0001569423038745299,
8,77399,,0.004085375461727381,
8,77449,,0.0032747238874435425,
8,77499,,0.003026791615411639,
8,77549,,0.43174856901168823,
8,77599,,0.007727934047579765,
8,77649,,0.0011085497681051493,
8,77699,,0.005376534536480904,
8,77749,,0.003603406483307481,
8,77799,,0.0008439096854999661,
8,77849,,0.0009626202518120408,
8,77899,,0.0023220996372401714,
8,77949,,0.0015840174164623022,
8,77999,,0.0004868627875111997,
8,78049,,0.0014314530417323112,
8,78099,,0.0351761132478714,
8,78149,,0.09868890047073364,
8,78199,,0.00020580945420078933,
8,78249,,0.01385391503572464,
8,78299,,0.13975872099399567,
8,78349,,0.015249396674335003,
8,78399,,0.07275599241256714,
8,78449,,0.012236706912517548,
8,78499,,9.820322156883776e-05,
8,78549,,0.0003658586647361517,
8,78599,,0.009145000949501991,
8,78649,,0.0017512132180854678,
8,78699,,0.0009970758110284805,
8,78749,,6.519716407638043e-05,
8,78799,,0.0021508405916392803,
8,78849,,0.0002760199422482401,
8,78899,,0.6041046380996704,
8,78949,,0.001543841208331287,
8,78999,,0.0015191538259387016,
8,79049,,0.0017279735766351223,
8,79099,,0.15875498950481415,
8,79149,,0.002179225906729698,
8,79199,,0.0026829815469682217,
8,79249,,0.005535156931728125,
8,79299,,0.012297519482672215,
8,79349,,0.0017386951949447393,
8,79399,,0.0023111142218112946,
8,79449,,0.0006255522021092474,
8,79499,,0.008855720981955528,
8,79549,,0.004568137228488922,
8,79599,,0.13949452340602875,
8,79649,,0.0015785745345056057,
8,79699,,0.713495671749115,
8,79749,,0.0043728165328502655,
8,79799,,0.014332990162074566,
8,79849,,0.0005216928548179567,
8,79899,,0.00029652222292497754,
8,79949,,0.0075462390668690205,
8,79999,,0.005669153295457363,
8,80049,,0.00431427638977766,
8,80099,,0.003415686311200261,
8,80149,,0.0007698896224610507,
8,80199,,0.034415148198604584,
8,80249,,0.006522775627672672,
8,80299,,0.8528993725776672,
8,80349,,0.0029332698322832584,
8,80399,,0.002225237898528576,
8,80449,,0.0016870445106178522,
8,80499,,0.22469431161880493,
8,80549,,0.009243465960025787,
8,80599,,0.002826177980750799,
8,80649,,0.0024273041635751724,
8,80699,,0.2828136682510376,
8,80749,,0.00011972024367423728,
8,80799,,0.0010212829802185297,
8,80849,,0.10947690904140472,
8,80899,,0.00014810021093580872,
8,80949,,0.21307452023029327,
8,80999,,0.4250749349594116,
8,81049,,0.0021022269502282143,
8,81099,,0.19404026865959167,
8,81149,,0.0013840282335877419,
8,81199,,0.29383689165115356,
8,81249,,0.0011267822701483965,
8,81299,,1.000744104385376,
8,81349,,0.0021933517418801785,
8,81399,,0.42906805872917175,
8,81449,,0.0008960723644122481,
8,81499,,0.004884026944637299,
8,81549,,0.00016326087643392384,
8,81599,,0.04821018502116203,
8,81649,,0.9220412969589233,
8,81699,,0.0017708062659949064,
8,81749,,3.408289194339886e-05,
8,81799,,0.000777808774728328,
8,81849,,0.06984388083219528,
8,81899,,7.374395499937236e-05,
8,81949,,7.93597282608971e-05,
8,81999,,0.940879225730896,
8,82049,,0.0011606632033362985,
8,82099,,0.0014332765713334084,
8,82149,,0.007034308277070522,
8,82199,,0.00020014678011648357,
8,82249,,0.016487209126353264,
8,82299,,0.0003967145748902112,
8,82349,,0.0009556912118569016,
8,82399,,0.12374323606491089,
8,82449,,0.0003553849528543651,
8,82499,,0.13760310411453247,
8,82549,,0.1580735743045807,
8,82599,,0.015638554468750954,
8,82649,,0.23992334306240082,
8,82699,,0.0020697815343737602,
8,82749,,0.0022704945877194405,
8,82799,,0.0018729792209342122,
8,82849,,0.005223182030022144,
8,82899,,5.8579844335326925e-05,
8,82949,,0.003837935859337449,
8,82999,,0.20985698699951172,
8,83049,,0.38704442977905273,
8,83099,,0.0009232510346919298,
8,83149,,0.0006964533822610974,
8,83199,,0.0013441420160233974,
8,83249,,1.640751179365907e-05,
8,83299,,3.4830351069103926e-05,
8,83349,,0.0028455108404159546,
8,83399,,0.1655084192752838,
8,83449,,0.18699784576892853,
8,83499,,0.0005468043964356184,
8,83549,,0.00028890007524751127,
8,83599,,1.1390158761059865e-05,
8,83649,,0.008619827218353748,
8,83699,,0.19864293932914734,
8,83749,,1.0384272336959839,
8,83799,,0.1765638142824173,
8,83849,,0.0001583086559548974,
8,83899,,0.0039075929671525955,
8,83949,,0.2522805631160736,
8,83999,,0.00178961968049407,
8,84049,,0.10402412712574005,
8,84099,,0.0012392494827508926,
8,84149,,5.646506906487048e-05,
8,84199,,0.4270699620246887,
8,84249,,0.007378706708550453,
8,84299,,0.003506631124764681,
8,84349,,1.018911361694336,
8,84399,,0.32765713334083557,
8,84449,,0.0010796807473525405,
8,84499,,0.0009619453921914101,
8,84549,,0.0021084730979055166,
8,84599,,0.1260637789964676,
8,84649,,0.0030235270969569683,
8,84699,,0.00012382338172756135,
8,84749,,0.00024435349041596055,
8,84799,,0.000652017944958061,
8,84849,,0.027638060972094536,
8,84899,,1.0147801637649536,
8,84949,,0.0029792520217597485,
8,84999,,0.004725819919258356,
8,85049,,5.287800740916282e-05,
8,85099,,0.28355979919433594,
8,85149,,0.3133099675178528,
8,85199,,0.023648109287023544,
8,85249,,0.0019027666421607137,
8,85299,,0.004716062918305397,
8,85349,,0.002781554590910673,
8,85399,,0.9919639825820923,
8,85449,,0.005016918294131756,
8,85490,,,0.16274143755435944
8,85490,0.1066012904047966,,
9,85499,,1.018174409866333,
9,85549,,3.4368007618468255e-05,
9,85599,,0.0008050901815295219,
9,85649,,0.0029103716369718313,
9,85699,,0.0007812738185748458,
9,85749,,0.004766583442687988,
9,85799,,0.0023435321636497974,
9,85849,,0.003950589336454868,
9,85899,,0.011264948174357414,
9,85949,,0.009625655598938465,
9,85999,,0.15910930931568146,
9,86049,,0.001137220417149365,
9,86099,,0.0009664383251219988,
9,86149,,0.015925001353025436,
9,86199,,0.7550597786903381,
9,86249,,0.0005754231242462993,
9,86299,,0.0007927319966256618,
9,86349,,0.005086839664727449,
9,86399,,0.0011572691146284342,
9,86449,,3.3574149711057544e-05,
9,86499,,0.011335637420415878,
9,86549,,0.3019806146621704,
9,86599,,0.7012209892272949,
9,86649,,0.002125259255990386,
9,86699,,1.003283977508545,
9,86749,,0.0024695785250514746,
9,86799,,0.6344752311706543,
9,86849,,0.0177723728120327,
9,86899,,0.22218556702136993,
9,86949,,0.003720860928297043,
9,86999,,0.00018029827333521098,
9,87049,,0.0015904236352071166,
9,87099,,0.00039292220026254654,
9,87149,,0.19437864422798157,
9,87199,,0.009571483358740807,
9,87249,,0.00038686563493683934,
9,87299,,0.0004947275738231838,
9,87349,,0.011025067418813705,
9,87399,,0.1408131867647171,
9,87449,,0.002563279587775469,
9,87499,,0.014183510094881058,
9,87549,,0.5299986004829407,
9,87599,,0.03224095702171326,
9,87649,,0.00034882157342508435,
9,87699,,0.0022443439811468124,
9,87749,,0.00989537313580513,
9,87799,,0.0006046135677024722,
9,87849,,0.0008534894441254437,
9,87899,,0.0015785775613039732,
9,87949,,0.002358101075515151,
9,87999,,0.0029377732425928116,
9,88049,,0.36695706844329834,
9,88099,,9.792890341486782e-05,
9,88149,,9.260002116207033e-05,
9,88199,,0.046718988567590714,
9,88249,,0.012121478095650673,
9,88299,,0.001740927342325449,
9,88349,,0.001454689772799611,
9,88399,,0.31421297788619995,
9,88449,,0.0037484299391508102,
9,88499,,0.007033903617411852,
9,88549,,0.0023592987563461065,
9,88599,,0.0033876008819788694,
9,88649,,0.0006594561273232102,
9,88699,,0.004949083551764488,
9,88749,,0.005674963817000389,
9,88799,,0.006235476583242416,
9,88849,,0.0023727393709123135,
9,88899,,0.0017953881761059165,
9,88949,,1.2081899642944336,
9,88999,,0.002702497411519289,
9,89049,,0.1667054295539856,
9,89099,,0.00946990866214037,
9,89149,,0.2182944267988205,
9,89199,,0.0006875366671010852,
9,89249,,0.133041113615036,
9,89299,,0.0032748798839747906,
9,89349,,0.1673164665699005,
9,89399,,0.002512190258130431,
9,89449,,0.00394893903285265,
9,89499,,0.003244007471948862,
9,89549,,2.9562294002971612e-05,
9,89599,,0.0012772675836458802,
9,89649,,0.005277623422443867,
9,89699,,0.0021239318884909153,
9,89749,,0.00027433043578639627,
9,89799,,0.011282505467534065,
9,89849,,0.3057592511177063,
9,89899,,8.930085459724069e-05,
9,89949,,0.32475796341896057,
9,89999,,0.2195255011320114,
9,90049,,0.005298607051372528,
9,90099,,0.00012378295650705695,
9,90149,,0.0012264051474630833,
9,90199,,0.00012071080709574744,
9,90249,,0.12173016369342804,
9,90299,,0.0019797622226178646,
9,90349,,0.17584577202796936,
9,90399,,0.00862041674554348,
9,90449,,0.1442183256149292,
9,90499,,0.0012120865285396576,
9,90549,,6.499844312202185e-05,
9,90599,,0.0027828910388052464,
9,90649,,0.3374362289905548,
9,90699,,0.0017505817813798785,
9,90749,,0.0006442723679356277,
9,90799,,0.0009822326246649027,
9,90849,,5.228684312896803e-05,
9,90899,,3.105357609456405e-05,
9,90949,,0.005762707442045212,
9,90999,,0.0005075727240182459,
9,91049,,0.012806583195924759,
9,91099,,0.0029729162342846394,
9,91149,,0.0036310115829110146,
9,91199,,0.7069260478019714,
9,91249,,0.4824536144733429,
9,91299,,0.0007213603239506483,
9,91349,,0.0015523307956755161,
9,91399,,0.008560167625546455,
9,91449,,0.11666525900363922,
9,91499,,0.008832380175590515,
9,91549,,0.0004283016314730048,
9,91599,,0.2719941735267639,
9,91649,,0.33631542325019836,
9,91699,,2.9835464374627918e-05,
9,91749,,0.01522737368941307,
9,91799,,0.0032080551609396935,
9,91849,,0.0027431289199739695,
9,91899,,0.0010424940846860409,
9,91949,,0.00392365176230669,
9,91999,,0.0024398756213486195,
9,92049,,0.0029569559264928102,
9,92099,,1.0058212280273438,
9,92149,,0.19444026052951813,
9,92199,,0.3983418941497803,
9,92249,,0.008236558176577091,
9,92299,,0.00011467917647678405,
9,92349,,0.00028406589990481734,
9,92399,,0.28942567110061646,
9,92449,,0.16244934499263763,
9,92499,,0.006735949777066708,
9,92549,,0.0010866173543035984,
9,92599,,0.0022287156898528337,
9,92649,,0.0009989090031012893,
9,92699,,0.5691941380500793,
9,92749,,0.008628192357718945,
9,92799,,3.243737592129037e-05,
9,92849,,0.21087200939655304,
9,92899,,0.0002462657284922898,
9,92949,,0.18539904057979584,
9,92999,,0.012704987078905106,
9,93049,,0.0005815712502226233,
9,93099,,0.001846933038905263,
9,93149,,0.0011426936835050583,
9,93199,,0.0005022988189011812,
9,93249,,0.00022155174519866705,
9,93299,,0.003019563155248761,
9,93349,,0.11461398005485535,
9,93399,,4.614557110471651e-05,
9,93449,,0.250558465719223,
9,93499,,0.002071414142847061,
9,93549,,0.6368674039840698,
9,93599,,0.003376702079549432,
9,93649,,0.06550738960504532,
9,93699,,0.8582924604415894,
9,93749,,0.0009351964108645916,
9,93799,,0.014183934777975082,
9,93849,,0.6056981086730957,
9,93899,,0.00553729385137558,
9,93949,,0.003840280696749687,
9,93999,,0.008267192170023918,
9,94049,,0.1726280003786087,
9,94099,,0.004885400645434856,
9,94149,,0.0010788185754790902,
9,94199,,0.021113142371177673,
9,94249,,0.0006465412443503737,
9,94299,,0.032367341220378876,
9,94349,,0.0007037852192297578,
9,94399,,4.522524250205606e-05,
9,94449,,0.0016651328187435865,
9,94499,,0.0002807406126521528,
9,94549,,0.2270607352256775,
9,94599,,1.0106192827224731,
9,94649,,0.01237741019576788,
9,94699,,0.002716326154768467,
9,94749,,0.1634402573108673,
9,94799,,0.009448040276765823,
9,94849,,2.4026419850997627e-05,
9,94899,,5.6537024647695944e-05,
9,94949,,0.0005994097446091473,
9,94989,,,0.15276549756526947
9,94989,0.1041066125035286,,
